Priority rank,Archetype,Assets ($M),Offices,Est. net benefit / yr,ROI
1,Large community / regional banks,9939.6,76,"$3,404,182",572%
2,Large community / regional banks,9115.4,72,"$3,114,202",551%
3,Large community / regional banks,7912.8,106,"$2,691,912",519%
4,Large community / regional banks,7690.1,19,"$2,613,851",512%
5,Large community / regional banks,6691.7,76,"$2,264,330",483%
6,Large community / regional banks,6539.6,60,"$2,211,177",478%
7,Large community / regional banks,6047.8,28,"$2,039,460",462%
8,Large community / regional banks,4672.5,62,"$1,560,827",413%
9,Large community / regional banks,4498.6,55,"$1,500,520",406%
10,Large community / regional banks,4391.1,51,"$1,463,265",401%
11,Large community / regional banks,3820.1,13,"$1,265,713",378%
12,Large community / regional banks,3798.5,19,"$1,258,250",377%
13,Large community / regional banks,3660.2,41,"$1,210,502",370%
14,Large community / regional banks,3296.5,7,"$1,085,183",354%
15,Large community / regional banks,3034.1,18,"$994,994",341%
16,Large community / regional banks,2933.1,34,"$960,329",336%
17,Large community / regional banks,2859.4,23,"$935,060",332%
18,Large community / regional banks,2790.6,32,"$911,484",328%
19,Large community / regional banks,2460.1,49,"$798,473",310%
20,Large community / regional banks,2302.8,36,"$744,843",301%
21,Large community / regional banks,2243.0,20,"$724,482",297%
22,Large community / regional banks,2203.6,32,"$711,080",295%
23,Large community / regional banks,1994.5,16,"$640,043",282%
24,Large community / regional banks,1842.8,19,"$588,673",272%
25,Large community / regional banks,1737.0,15,"$552,925",265%
26,Large community / regional banks,1707.1,23,"$542,839",263%
27,Large community / regional banks,1675.6,19,"$532,208",260%
28,Large community / regional banks,1618.9,30,"$513,095",256%
29,Large community / regional banks,1529.0,26,"$482,853",250%
30,Large community / regional banks,1490.1,4,"$469,798",247%
31,Large community / regional banks,1474.5,12,"$464,549",245%
32,Large community / regional banks,1369.6,17,"$429,392",237%
33,Large community / regional banks,1360.9,17,"$426,499",236%
34,Large community / regional banks,1336.6,16,"$418,352",234%
35,Large community / regional banks,1329.2,11,"$415,877",234%
36,Mid-size multi-branch banks,1328.0,3,"$415,500",234%
37,Large community / regional banks,1314.0,9,"$410,805",232%
38,Large community / regional banks,1303.9,16,"$407,423",232%
39,Large community / regional banks,1259.6,14,"$392,647",228%
40,Large community / regional banks,1217.4,12,"$378,582",224%
41,Large community / regional banks,1194.1,11,"$370,807",222%
42,Large community / regional banks,1121.5,15,"$346,682",216%
43,Large community / regional banks,1091.1,13,"$336,598",213%
44,Large community / regional banks,1038.9,4,"$319,302",208%
45,Large community / regional banks,1004.1,14,"$307,774",205%
46,Large community / regional banks,974.6,10,"$298,037",202%
47,Small single-market banks,960.8,24,"$293,479",200%
48,Small single-market banks,945.0,15,"$288,268",199%
49,Large community / regional banks,941.2,13,"$287,032",198%
50,Mid-size multi-branch banks,936.6,6,"$285,524",198%
51,Mid-size multi-branch banks,922.4,4,"$280,831",197%
52,Large community / regional banks,899.9,13,"$273,429",194%
53,Large community / regional banks,899.8,10,"$273,386",194%
54,Large community / regional banks,853.8,11,"$258,285",189%
55,Large community / regional banks,824.4,9,"$248,650",186%
56,Small single-market banks,824.2,8,"$248,577",186%
57,Mid-size multi-branch banks,794.7,6,"$238,938",183%
58,Small single-market banks,782.9,1,"$235,057",181%
59,Mid-size multi-branch banks,767.5,6,"$230,032",180%
60,Mid-size multi-branch banks,761.9,6,"$228,220",179%
61,Small single-market banks,735.5,13,"$219,609",176%
62,Small single-market banks,728.5,9,"$217,334",175%
63,Mid-size multi-branch banks,718.6,3,"$214,121",174%
64,Large community / regional banks,706.5,10,"$210,157",173%
65,Mid-size multi-branch banks,702.6,6,"$208,898",172%
66,Large community / regional banks,702.2,11,"$208,759",172%
67,Large community / regional banks,683.0,9,"$202,529",170%
68,Mid-size multi-branch banks,662.8,4,"$195,998",167%
69,Large community / regional banks,650.2,14,"$191,900",166%
70,Large community / regional banks,648.3,11,"$191,284",165%
71,Large community / regional banks,644.6,11,"$190,086",165%
72,Large community / regional banks,642.8,8,"$189,510",165%
73,Large community / regional banks,637.6,10,"$187,848",164%
74,Mid-size multi-branch banks,635.2,4,"$187,074",164%
75,Small single-market banks,631.7,15,"$185,913",163%
76,Large community / regional banks,602.1,10,"$176,368",159%
77,Large community / regional banks,597.2,7,"$174,798",159%
78,Small single-market banks,588.0,7,"$171,821",158%
79,Large community / regional banks,586.7,9,"$171,422",157%
80,Large community / regional banks,581.2,10,"$169,643",157%
81,Mid-size multi-branch banks,580.4,3,"$169,372",157%
82,Mid-size multi-branch banks,570.5,5,"$166,218",155%
83,Large community / regional banks,562.2,9,"$163,550",154%
84,Mid-size multi-branch banks,562.2,3,"$163,523",154%
85,Small single-market banks,557.3,9,"$161,956",153%
86,Mid-size multi-branch banks,552.2,1,"$160,317",153%
87,Mid-size multi-branch banks,548.1,5,"$159,006",152%
88,Mid-size multi-branch banks,539.8,6,"$156,346",151%
89,Mid-size multi-branch banks,537.8,6,"$155,716",151%
90,Mid-size multi-branch banks,537.1,5,"$155,490",151%
91,Small single-market banks,530.5,11,"$153,367",150%
92,Mid-size multi-branch banks,522.2,12,"$150,726",148%
93,Mid-size multi-branch banks,519.0,4,"$149,693",148%
94,Mid-size multi-branch banks,512.5,5,"$147,628",147%
95,Small single-market banks,511.4,8,"$147,275",147%
96,Small single-market banks,509.6,6,"$146,709",147%
97,Mid-size multi-branch banks,507.0,7,"$145,866",146%
98,Mid-size multi-branch banks,503.4,5,"$144,702",146%
99,Mid-size multi-branch banks,502.5,6,"$144,440",146%
100,Large community / regional banks,497.3,15,"$142,759",145%
101,Small single-market banks,496.8,4,"$142,606",145%
102,Small single-market banks,495.7,10,"$142,253",144%
103,Mid-size multi-branch banks,489.2,6,"$140,203",144%
104,Large community / regional banks,489.0,8,"$140,122",143%
105,Mid-size multi-branch banks,488.2,9,"$139,880",143%
106,Small single-market banks,485.6,6,"$139,040",143%
107,Mid-size multi-branch banks,478.4,6,"$136,752",142%
108,Large community / regional banks,477.8,12,"$136,564",142%
109,Mid-size multi-branch banks,475.4,1,"$135,783",141%
110,Mid-size multi-branch banks,473.5,7,"$135,178",141%
111,Mid-size multi-branch banks,471.5,6,"$134,548",141%
112,Mid-size multi-branch banks,471.0,4,"$134,398",141%
113,Mid-size multi-branch banks,449.2,5,"$127,479",137%
114,Mid-size multi-branch banks,447.2,5,"$126,856",137%
115,Small single-market banks,445.0,10,"$126,141",137%
116,Mid-size multi-branch banks,439.8,4,"$124,508",136%
117,Mid-size multi-branch banks,431.7,3,"$121,948",135%
118,Mid-size multi-branch banks,429.9,4,"$121,383",134%
119,Mid-size multi-branch banks,419.8,6,"$118,191",133%
120,Mid-size multi-branch banks,418.9,5,"$117,897",132%
121,Mid-size multi-branch banks,416.6,4,"$117,168",132%
122,Mid-size multi-branch banks,414.5,3,"$116,502",132%
123,Mid-size multi-branch banks,412.5,5,"$115,894",131%
124,Mid-size multi-branch banks,407.5,1,"$114,316",131%
125,Mid-size multi-branch banks,406.5,6,"$113,998",130%
126,Mid-size multi-branch banks,405.8,3,"$113,773",130%
127,Mid-size multi-branch banks,396.9,7,"$110,963",129%
128,Micro community banks,391.5,9,"$109,290",128%
129,Micro community banks,386.5,9,"$107,696",127%
130,Micro community banks,383.7,8,"$106,819",127%
131,Mid-size multi-branch banks,381.2,4,"$106,036",126%
132,Micro community banks,374.6,5,"$103,978",125%
133,Small single-market banks,371.0,5,"$102,844",124%
134,Mid-size multi-branch banks,369.3,5,"$102,304",124%
135,Micro community banks,361.7,12,"$99,932",123%
136,Mid-size multi-branch banks,361.1,6,"$99,745",123%
137,Micro community banks,361.0,15,"$99,733",123%
138,Mid-size multi-branch banks,359.1,5,"$99,134",122%
139,Micro community banks,358.1,6,"$98,822",122%
140,Mid-size multi-branch banks,357.1,3,"$98,507",122%
141,Mid-size multi-branch banks,356.7,5,"$98,393",122%
142,Micro community banks,356.2,6,"$98,222",122%
143,Micro community banks,350.6,8,"$96,488",121%
144,Small single-market banks,350.1,5,"$96,336",121%
145,Micro community banks,349.0,6,"$95,981",120%
146,Mid-size multi-branch banks,346.6,3,"$95,248",120%
147,Mid-size multi-branch banks,345.7,4,"$94,963",120%
148,Micro community banks,343.9,7,"$94,390",119%
149,Mid-size multi-branch banks,343.4,4,"$94,231",119%
150,Micro community banks,342.8,8,"$94,035",119%
151,Mid-size multi-branch banks,337.9,3,"$92,519",118%
152,Micro community banks,336.5,8,"$92,088",118%
153,Mid-size multi-branch banks,336.0,1,"$91,921",118%
154,Micro community banks,334.8,7,"$91,558",118%
155,Mid-size multi-branch banks,333.4,2,"$91,123",117%
156,Mid-size multi-branch banks,332.9,3,"$90,977",117%
157,Mid-size multi-branch banks,332.9,5,"$90,972",117%
158,Mid-size multi-branch banks,331.0,3,"$90,375",117%
159,Mid-size multi-branch banks,331.0,4,"$90,369",117%
160,Mid-size multi-branch banks,329.7,5,"$89,964",117%
161,Micro community banks,329.5,6,"$89,905",117%
162,Micro community banks,326.0,5,"$88,819",116%
163,Micro community banks,323.1,5,"$87,937",115%
164,Mid-size multi-branch banks,317.0,2,"$86,029",114%
165,Micro community banks,316.2,8,"$85,809",114%
166,Micro community banks,313.4,15,"$84,939",114%
167,Micro community banks,312.9,5,"$84,783",113%
168,Mid-size multi-branch banks,311.8,3,"$84,425",113%
169,Mid-size multi-branch banks,310.0,3,"$83,880",113%
170,Mid-size multi-branch banks,306.3,2,"$82,728",112%
171,Mid-size multi-branch banks,304.9,4,"$82,311",112%
172,Small single-market banks,304.1,4,"$82,048",112%
173,Micro community banks,303.3,6,"$81,797",112%
174,Mid-size multi-branch banks,296.6,5,"$79,756",110%
175,Mid-size multi-branch banks,296.2,4,"$79,636",110%
176,Mid-size multi-branch banks,296.1,5,"$79,579",110%
177,Mid-size multi-branch banks,293.4,4,"$78,765",110%
178,Mid-size multi-branch banks,293.3,5,"$78,729",110%
179,Micro community banks,289.7,7,"$77,627",109%
180,Mid-size multi-branch banks,289.1,6,"$77,427",109%
181,Micro community banks,288.0,8,"$77,098",108%
182,Mid-size multi-branch banks,286.6,6,"$76,684",108%
183,Mid-size multi-branch banks,286.0,1,"$76,492",108%
184,Mid-size multi-branch banks,284.2,6,"$75,929",108%
185,Mid-size multi-branch banks,283.6,2,"$75,760",108%
186,Mid-size multi-branch banks,283.6,2,"$75,739",108%
187,Mid-size multi-branch banks,282.5,3,"$75,405",107%
188,Mid-size multi-branch banks,279.5,4,"$74,507",107%
189,Mid-size multi-branch banks,279.4,3,"$74,468",107%
190,Small single-market banks,275.2,6,"$73,173",106%
191,Micro community banks,274.6,5,"$72,997",106%
192,Micro community banks,271.3,8,"$71,973",105%
193,Mid-size multi-branch banks,267.4,5,"$70,797",104%
194,Mid-size multi-branch banks,267.1,3,"$70,703",104%
195,Micro community banks,263.1,6,"$69,466",103%
196,Mid-size multi-branch banks,259.9,3,"$68,511",103%
197,Mid-size multi-branch banks,258.9,4,"$68,201",102%
198,Mid-size multi-branch banks,257.1,2,"$67,658",102%
199,Mid-size multi-branch banks,256.2,4,"$67,386",102%
200,Mid-size multi-branch banks,255.4,3,"$67,130",102%
201,Micro community banks,250.5,5,"$65,647",100%
202,Mid-size multi-branch banks,250.2,1,"$65,555",100%
203,Micro community banks,250.0,6,"$65,501",100%
204,Micro community banks,249.2,5,"$65,252",100%
205,Mid-size multi-branch banks,247.3,2,"$64,684",100%
206,Mid-size multi-branch banks,246.9,2,"$64,549",100%
207,Mid-size multi-branch banks,246.4,3,"$64,405",99%
208,Mid-size multi-branch banks,244.3,3,"$63,754",99%
209,Mid-size multi-branch banks,241.4,3,"$62,887",98%
210,Mid-size multi-branch banks,241.1,4,"$62,786",98%
211,Micro community banks,237.9,6,"$61,836",98%
212,Mid-size multi-branch banks,237.6,4,"$61,731",97%
213,Small single-market banks,235.9,5,"$61,210",97%
214,Mid-size multi-branch banks,235.4,4,"$61,077",97%
215,Micro community banks,233.8,6,"$60,583",97%
216,Mid-size multi-branch banks,232.6,3,"$60,225",96%
217,Mid-size multi-branch banks,232.5,2,"$60,200",96%
218,Micro community banks,229.7,5,"$59,355",96%
219,Small single-market banks,227.9,5,"$58,809",95%
220,Mid-size multi-branch banks,227.2,4,"$58,602",95%
221,Small single-market banks,226.8,2,"$58,458",95%
222,Mid-size multi-branch banks,226.6,4,"$58,407",95%
223,Mid-size multi-branch banks,222.2,2,"$57,090",94%
224,Mid-size multi-branch banks,221.0,4,"$56,741",94%
225,Mid-size multi-branch banks,221.0,3,"$56,733",94%
226,Micro community banks,218.1,4,"$55,868",93%
227,Mid-size multi-branch banks,217.8,3,"$55,779",93%
228,Small single-market banks,217.6,4,"$55,701",93%
229,Micro community banks,216.9,3,"$55,506",93%
230,Micro community banks,215.1,7,"$54,959",92%
231,Mid-size multi-branch banks,214.4,2,"$54,752",92%
232,Micro community banks,212.6,4,"$54,201",91%
233,Micro community banks,209.9,3,"$53,400",91%
234,Mid-size multi-branch banks,209.4,2,"$53,261",91%
235,Mid-size multi-branch banks,208.7,2,"$53,052",91%
236,Micro community banks,207.7,6,"$52,745",90%
237,Mid-size multi-branch banks,206.1,2,"$52,254",90%
238,Small single-market banks,205.4,5,"$52,047",90%
239,Mid-size multi-branch banks,202.5,3,"$51,188",89%
240,Small single-market banks,201.7,5,"$50,945",89%
241,Mid-size multi-branch banks,199.9,3,"$50,415",88%
242,Small single-market banks,199.6,3,"$50,316",88%
243,Mid-size multi-branch banks,198.1,3,"$49,878",88%
244,Mid-size multi-branch banks,197.6,4,"$49,727",88%
245,Micro community banks,197.4,4,"$49,670",88%
246,Micro community banks,196.2,4,"$49,325",87%
247,Mid-size multi-branch banks,195.9,2,"$49,214",87%
248,Mid-size multi-branch banks,195.6,1,"$49,123",87%
249,Micro community banks,193.7,4,"$48,558",87%
250,Micro community banks,192.4,6,"$48,187",86%
251,Mid-size multi-branch banks,191.2,2,"$47,831",86%
252,Mid-size multi-branch banks,189.9,2,"$47,438",86%
253,Micro community banks,189.6,5,"$47,337",86%
254,Micro community banks,187.1,4,"$46,597",85%
255,Micro community banks,185.8,2,"$46,215",85%
256,Micro community banks,185.1,4,"$46,031",84%
257,Mid-size multi-branch banks,184.4,2,"$45,805",84%
258,Micro community banks,183.7,5,"$45,601",84%
259,Small single-market banks,182.9,3,"$45,372",84%
260,Micro community banks,182.5,3,"$45,244",84%
261,Mid-size multi-branch banks,181.5,4,"$44,946",83%
262,Micro community banks,179.9,4,"$44,482",83%
263,Micro community banks,179.2,3,"$44,280",83%
264,Micro community banks,175.1,3,"$43,076",82%
265,Mid-size multi-branch banks,175.0,2,"$43,051",82%
266,Micro community banks,173.6,3,"$42,638",81%
267,Micro community banks,172.4,3,"$42,265",81%
268,Small single-market banks,171.4,3,"$41,987",81%
269,Mid-size multi-branch banks,169.0,1,"$41,284",80%
270,Micro community banks,167.5,6,"$40,840",80%
271,Micro community banks,164.6,6,"$39,993",79%
272,Mid-size multi-branch banks,162.7,1,"$39,449",78%
273,Micro community banks,161.0,3,"$38,946",78%
274,Micro community banks,159.7,3,"$38,567",77%
275,Mid-size multi-branch banks,156.5,3,"$37,615",76%
276,Micro community banks,155.4,3,"$37,319",76%
277,Micro community banks,155.1,3,"$37,221",76%
278,Micro community banks,153.9,3,"$36,873",76%
279,Mid-size multi-branch banks,153.9,1,"$36,867",76%
280,Small single-market banks,153.7,3,"$36,815",75%
281,Micro community banks,152.2,3,"$36,382",75%
282,Mid-size multi-branch banks,152.2,1,"$36,377",75%
283,Micro community banks,151.3,3,"$36,118",75%
284,Micro community banks,148.6,3,"$35,340",74%
285,Micro community banks,147.5,3,"$35,023",74%
286,Small single-market banks,146.4,3,"$34,713",73%
287,Mid-size multi-branch banks,146.2,1,"$34,633",73%
288,Mid-size multi-branch banks,146.1,2,"$34,628",73%
289,Mid-size multi-branch banks,145.5,1,"$34,439",73%
290,Mid-size multi-branch banks,144.7,1,"$34,201",73%
291,Micro community banks,144.1,3,"$34,035",73%
292,Mid-size multi-branch banks,143.6,2,"$33,906",72%
293,Micro community banks,143.2,5,"$33,766",72%
294,Mid-size multi-branch banks,142.6,1,"$33,596",72%
295,Micro community banks,141.3,6,"$33,244",72%
296,Mid-size multi-branch banks,139.7,1,"$32,764",71%
297,Micro community banks,139.7,3,"$32,757",71%
298,Micro community banks,139.5,4,"$32,715",71%
299,Micro community banks,139.4,4,"$32,679",71%
300,Mid-size multi-branch banks,138.2,3,"$32,344",71%
301,Micro community banks,138.1,5,"$32,317",71%
302,Mid-size multi-branch banks,138.1,1,"$32,311",71%
303,Micro community banks,137.6,3,"$32,177",71%
304,Micro community banks,136.8,4,"$31,928",70%
305,Micro community banks,136.2,4,"$31,772",70%
306,Micro community banks,134.9,2,"$31,407",70%
307,Mid-size multi-branch banks,134.9,1,"$31,404",70%
308,Mid-size multi-branch banks,134.7,2,"$31,331",70%
309,Micro community banks,134.6,5,"$31,301",70%
310,Micro community banks,133.6,3,"$31,018",69%
311,Micro community banks,133.4,4,"$30,956",69%
312,Mid-size multi-branch banks,131.0,2,"$30,275",68%
313,Mid-size multi-branch banks,130.7,1,"$30,185",68%
314,Micro community banks,127.7,4,"$29,342",67%
315,Mid-size multi-branch banks,126.4,2,"$28,972",67%
316,Micro community banks,125.5,5,"$28,724",67%
317,Micro community banks,123.9,4,"$28,271",66%
318,Small single-market banks,123.8,3,"$28,237",66%
319,Micro community banks,121.3,3,"$27,524",65%
320,Micro community banks,120.9,3,"$27,406",65%
321,Micro community banks,119.6,3,"$27,055",64%
322,Micro community banks,118.2,2,"$26,637",64%
323,Micro community banks,114.6,2,"$25,631",63%
324,Small single-market banks,114.0,2,"$25,465",62%
325,Mid-size multi-branch banks,113.5,1,"$25,320",62%
326,Small single-market banks,112.3,3,"$24,987",62%
327,Mid-size multi-branch banks,112.3,1,"$24,985",62%
328,Mid-size multi-branch banks,112.3,1,"$24,985",62%
329,Micro community banks,112.0,4,"$24,907",62%
330,Small single-market banks,111.4,3,"$24,738",62%
331,Micro community banks,110.6,4,"$24,514",61%
332,Mid-size multi-branch banks,110.0,1,"$24,361",61%
333,Mid-size multi-branch banks,109.3,1,"$24,143",61%
334,Micro community banks,107.7,2,"$23,701",60%
335,Mid-size multi-branch banks,107.4,1,"$23,614",60%
336,Mid-size multi-branch banks,106.7,1,"$23,416",60%
337,Micro community banks,105.2,2,"$23,012",59%
338,Micro community banks,103.1,4,"$22,416",58%
339,Mid-size multi-branch banks,94.5,1,"$20,062",55%
340,Micro community banks,92.2,3,"$19,430",54%
341,Micro community banks,90.2,2,"$18,879",53%
342,Small single-market banks,90.2,1,"$18,875",53%
343,Micro community banks,88.9,2,"$18,542",53%
344,Micro community banks,88.0,1,"$18,292",52%
345,Mid-size multi-branch banks,86.6,1,"$17,898",52%
346,Micro community banks,85.9,3,"$17,714",52%
347,Mid-size multi-branch banks,85.8,1,"$17,697",51%
348,Micro community banks,84.6,1,"$17,361",51%
349,Small single-market banks,84.5,2,"$17,340",51%
350,Micro community banks,81.4,1,"$16,499",50%
351,Micro community banks,79.1,2,"$15,891",49%
352,Mid-size multi-branch banks,78.8,1,"$15,807",48%
353,Small single-market banks,78.1,1,"$15,614",48%
354,Micro community banks,77.5,3,"$15,468",48%
355,Micro community banks,76.4,1,"$15,178",47%
356,Micro community banks,74.8,2,"$14,757",47%
357,Micro community banks,74.7,2,"$14,733",47%
358,Small single-market banks,74.6,1,"$14,693",46%
359,Micro community banks,74.1,2,"$14,567",46%
360,Micro community banks,73.2,2,"$14,333",46%
361,Micro community banks,70.1,1,"$13,518",44%
362,Micro community banks,68.3,2,"$13,045",44%
363,Micro community banks,67.1,1,"$12,714",43%
364,Micro community banks,63.9,2,"$11,885",41%
365,Micro community banks,61.2,2,"$11,204",40%
366,Micro community banks,58.9,1,"$10,600",39%
367,Micro community banks,57.4,1,"$10,237",38%
368,Mid-size multi-branch banks,56.9,1,"$10,109",38%
369,Micro community banks,55.0,1,"$9,630",37%
370,Micro community banks,53.8,2,"$9,316",36%
371,Small single-market banks,53.8,1,"$9,313",36%
372,Micro community banks,53.6,1,"$9,274",36%
373,Micro community banks,53.5,1,"$9,243",36%
374,Micro community banks,53.2,1,"$9,164",36%
375,Micro community banks,53.1,1,"$9,152",36%
376,Micro community banks,52.4,1,"$8,981",35%
377,Micro community banks,50.5,1,"$8,513",34%
378,Micro community banks,48.3,1,"$7,961",33%
379,Micro community banks,47.6,1,"$7,784",32%
380,Small single-market banks,47.3,1,"$7,714",32%
381,Micro community banks,47.0,1,"$7,650",32%
382,Mid-size multi-branch banks,44.4,1,"$7,019",30%
383,Micro community banks,40.9,2,"$6,173",28%
384,Micro community banks,40.7,1,"$6,133",28%
385,Micro community banks,39.8,1,"$5,923",27%
386,Micro community banks,39.2,3,"$5,780",27%
387,Micro community banks,38.4,2,"$5,587",26%
388,Small single-market banks,38.3,1,"$5,566",26%
389,Micro community banks,35.3,2,"$4,874",24%
390,Micro community banks,30.3,1,"$3,744",20%
391,Micro community banks,30.3,1,"$3,736",20%
392,Micro community banks,28.7,1,"$3,388",19%
393,Micro community banks,25.5,1,"$2,705",16%
394,Micro community banks,25.4,1,"$2,682",16%
395,Small single-market banks,24.0,1,"$2,393",15%
396,Micro community banks,21.9,1,"$1,962",13%
397,Micro community banks,20.7,4,"$1,733",12%
398,Micro community banks,19.8,1,"$1,552",11%
399,Micro community banks,17.2,1,"$1,064",8%
400,Micro community banks,15.1,2,$693,6%
